BillDetailID,OrderDate,CustomerID,ProductID,OrderQty
1,2018-07-13,15,5,6
2,2020-05-21,16,4,5
3,2017-01-22,10,19,8
4,2016-12-13,2,2,6
5,2018-04-14,19,9,10
6,2018-04-03,3,12,4
7,2019-06-21,5,3,10
8,2019-03-02,16,14,9
9,2019-04-02,4,20,2
10,2020-02-29,1,1,1
11,2020-01-30,1,18,3
12,2018-12-17,20,15,6
13,2017-08-30,21,8,9
14,2020-05-31,15,10,7
15,2017-03-20,5,13,1
16,2018-04-09,13,1,5
17,2020-02-02,17,14,2
18,2019-06-30,7,20,4
19,2017-12-11,19,1,5
20,2019-08-06,21,10,10
21,2018-01-16,10,2,6
22,2020-04-29,15,16,5
23,2020-02-24,7,16,3
24,2020-04-25,5,1,3
25,2020-03-08,14,16,1
26,2018-11-03,2,4,6
27,2019-03-24,19,2,2
28,2016-10-02,9,7,8
29,2018-08-23,1,2,1
30,2019-04-30,16,11,2
31,2018-12-13,7,4,5
32,2017-03-12,19,4,1
33,2018-01-08,2,19,6
34,2018-03-11,8,7,2
35,2020-07-17,1,5,4
36,2019-06-12,14,6,8
37,2020-03-29,21,13,7
38,2020-06-07,6,8,4
39,2019-11-05,18,2,4
40,2017-01-24,5,1,1
41,2020-05-24,5,9,7
42,2020-04-13,15,4,4
43,2019-09-14,5,17,6
44,2017-06-23,10,2,6
45,2016-10-14,8,10,5
46,2019-11-19,2,7,7
47,2017-04-05,17,7,10
48,2020-04-10,18,4,6
49,2019-12-19,20,20,2
50,2019-08-07,9,11,9
51,2020-02-19,11,11,6
52,2018-07-26,6,7,10
53,2019-10-11,21,4,1
54,2019-09-07,5,7,2
55,2018-05-26,21,3,6
56,2018-10-25,7,16,5
57,2019-11-22,19,7,8
58,2018-12-30,11,17,10
59,2019-08-24,21,5,8
60,2017-10-06,10,3,6
61,2020-01-24,6,13,5
62,2017-03-21,3,17,3
63,2019-02-01,21,3,9
64,2019-10-24,2,3,10
65,2020-07-02,17,8,4
66,2020-01-04,13,3,5
67,2019-10-25,15,19,9
68,2017-10-12,19,3,7
69,2018-03-07,3,15,6
70,2019-05-30,10,15,4
71,2017-12-28,1,5,8
72,2020-02-14,12,17,8
73,2017-02-28,21,12,4
74,2018-06-14,1,15,6
75,2019-11-26,12,14,8
76,2018-08-10,3,3,5
77,2017-12-31,1,13,5
78,2018-02-01,10,15,9
79,2019-03-08,12,14,9
80,2019-06-15,3,16,2
81,2019-06-08,6,1,1
82,2016-10-13,20,8,6
83,2019-06-13,8,8,6
84,2017-05-20,10,2,3
85,2020-06-11,17,2,7
86,2017-03-15,15,10,5
87,2020-02-12,9,10,6
88,2017-01-25,2,14,9
89,2020-07-25,3,3,8
90,2020-01-18,14,20,8
91,2017-02-08,7,12,10
92,2018-03-14,15,9,2
93,2019-03-03,8,13,10
94,2019-02-26,13,7,9
95,2018-02-15,9,14,2
96,2020-03-03,16,20,4
97,2019-02-09,10,5,10
98,2019-07-18,1,15,5
99,2019-01-16,6,2,4
100,2020-08-01,21,19,1
101,2017-06-07,11,5,8
102,2017-08-13,5,3,3
103,2020-06-29,12,6,6
104,2019-03-16,5,18,3
105,2017-12-01,4,11,3
106,2016-10-18,15,17,2
107,2017-02-08,18,13,4
108,2018-05-01,2,15,2
109,2017-06-06,3,14,9
110,2017-04-06,15,20,5
111,2016-11-27,15,7,1
112,2017-06-06,7,5,6
113,2020-03-26,8,20,3
114,2017-05-30,16,19,5
115,2018-12-31,18,13,6
116,2019-12-24,4,15,10
117,2020-03-10,14,16,8
118,2019-03-09,1,10,8
119,2017-09-19,14,17,5
120,2017-08-11,3,15,2
121,2017-09-01,6,1,3
122,2017-02-15,14,7,9
123,2018-07-27,10,18,10
124,2020-03-16,17,11,5
125,2020-06-23,5,4,8
126,2019-01-29,17,11,9
127,2017-05-26,8,10,1
128,2017-12-20,13,16,10
129,2019-08-13,10,16,5
130,2019-11-11,21,13,8
131,2017-03-09,6,7,6
132,2016-11-06,4,12,2
133,2019-05-14,8,1,5
134,2018-05-08,11,6,4
135,2019-03-04,3,6,2
136,2020-07-20,16,18,3
137,2016-11-09,21,19,7
138,2016-12-22,6,4,1
139,2016-09-09,1,13,3
140,2019-04-05,8,16,3
141,2018-09-08,8,2,2
142,2017-12-26,10,12,1
143,2018-10-14,11,18,10
144,2017-10-22,2,19,6
145,2018-09-11,2,6,10
146,2018-05-03,8,18,3
147,2018-06-11,12,16,5
148,2018-10-24,4,17,1
149,2018-10-30,4,5,6
150,2017-12-10,18,2,5
151,2017-03-04,1,1,9
152,2019-03-16,13,6,4
153,2019-04-18,18,12,1
154,2018-08-08,1,8,7
155,2017-07-01,5,12,7
156,2016-10-01,3,5,3
157,2019-06-28,6,7,6
158,2018-04-04,20,3,4
159,2017-04-13,12,8,3
160,2018-01-21,17,14,6
161,2019-10-06,3,2,3
162,2019-07-27,9,10,8
163,2016-09-13,21,14,5
164,2017-03-03,21,1,10
165,2019-03-30,17,17,3
166,2017-03-04,18,6,1
167,2016-10-17,9,2,1
168,2017-01-27,10,5,2
169,2019-07-09,11,10,3
170,2018-07-23,8,10,7
171,2016-09-19,5,13,2
172,2017-11-18,9,8,7
173,2019-04-26,17,8,5
174,2020-07-04,1,1,4
175,2020-02-19,15,7,9
176,2019-02-14,5,18,1
177,2018-02-06,15,19,9
178,2018-12-07,18,19,1
179,2018-12-30,8,19,8
180,2019-01-04,17,10,5
181,2018-12-18,9,15,5
182,2020-07-02,16,3,9
183,2019-12-14,12,11,2
184,2018-10-28,18,17,7
185,2017-11-07,7,19,9
186,2020-07-13,10,18,6
187,2017-01-05,16,6,6
188,2017-07-11,11,5,4
189,2017-02-15,11,1,7
190,2018-10-14,4,9,3
191,2019-10-26,20,3,8
192,2018-08-19,18,12,4
193,2019-12-23,19,13,10
194,2019-08-03,10,15,5
195,2016-12-24,15,4,4
196,2018-03-13,19,13,1
197,2018-05-15,13,18,10
198,2018-01-21,9,17,9
199,2020-05-03,6,10,3
200,2016-11-07,6,8,7
201,2018-05-20,1,13,8
202,2017-06-11,16,6,6
203,2016-10-11,9,8,1
204,2017-07-09,9,8,10
205,2018-11-11,10,19,6
206,2017-01-27,11,18,7
207,2017-01-17,12,4,10
208,2017-01-07,20,20,5
209,2018-12-12,6,14,9
210,2020-02-20,17,3,7
211,2018-07-09,1,17,6
212,2019-07-01,7,2,9
213,2018-11-10,10,20,8
214,2019-10-04,17,6,2
215,2017-10-04,7,4,7
216,2020-04-11,21,12,2
217,2018-05-20,11,11,10
218,2019-10-09,1,15,8
219,2017-03-18,21,10,5
220,2018-02-05,1,13,2
221,2018-09-16,21,1,4
222,2019-07-09,16,8,2
223,2019-07-25,2,17,7
224,2019-09-26,18,11,10
225,2019-09-05,7,6,7
226,2020-04-26,15,5,2
227,2020-08-28,16,11,8
228,2019-01-29,17,15,2
229,2018-06-16,12,12,10
230,2017-11-21,10,20,2
231,2017-09-29,12,2,8
232,2017-08-08,4,6,2
233,2019-01-13,1,16,1
234,2016-11-14,18,1,2
235,2016-12-20,8,6,9
236,2017-05-30,14,16,8
237,2019-01-23,20,13,1
238,2017-07-18,16,2,8
239,2017-09-22,17,17,1
240,2017-01-14,2,9,10
241,2020-01-10,6,8,6
242,2020-07-13,17,15,7
243,2017-12-02,12,13,2
244,2018-10-25,9,11,9
245,2018-06-12,7,1,4
246,2019-09-17,18,3,7
247,2019-05-29,9,16,3
248,2017-12-25,1,10,3
249,2017-08-11,15,1,5
250,2019-08-09,8,7,10
251,2019-02-27,3,16,3
252,2019-03-13,16,15,7
253,2018-04-03,3,9,7
254,2019-01-26,7,11,4
255,2018-08-19,1,18,4
256,2020-02-17,11,7,10
257,2020-01-16,10,7,6
258,2020-08-06,19,9,9
259,2017-05-01,12,18,4
260,2018-08-28,10,19,9
261,2016-09-29,19,8,6
262,2018-11-23,10,15,6
263,2017-12-18,18,17,8
264,2019-01-30,19,11,1
265,2017-10-13,4,9,10
266,2017-03-16,11,4,6
267,2017-06-21,13,13,6
268,2019-03-02,1,18,2
269,2017-02-04,19,12,8
270,2016-11-25,20,3,3
271,2020-01-22,12,14,9
272,2019-12-16,13,16,5
273,2018-12-06,18,10,2
274,2018-05-21,9,1,3
275,2020-07-14,7,15,1
276,2017-06-30,12,13,10
277,2017-09-08,18,17,6
278,2016-10-28,2,9,9
279,2017-01-11,5,2,6
280,2016-10-26,10,8,10
281,2020-06-28,11,7,7
282,2017-07-24,7,4,9
283,2019-06-02,5,7,5
284,2019-05-06,19,12,10
285,2019-07-20,14,15,6
286,2017-07-09,21,6,4
287,2020-08-20,7,20,6
288,2018-07-16,10,5,10
289,2019-10-04,20,4,9
290,2018-01-30,3,15,7
291,2016-09-18,1,4,2
292,2020-08-19,1,12,10
293,2018-06-18,10,15,9
294,2017-01-19,14,12,5
295,2018-11-20,21,4,9
296,2019-05-26,4,1,8
297,2016-10-14,19,3,10
298,2017-12-14,17,14,1
299,2018-02-24,8,18,1
300,2020-07-11,6,8,3
301,2019-06-23,15,4,9
302,2019-09-16,17,4,9
303,2017-12-27,5,15,10
304,2018-09-21,12,4,6
305,2018-02-18,9,3,6
306,2018-11-20,21,18,7
307,2019-12-22,1,13,8
308,2019-11-25,13,1,8
309,2019-11-13,3,12,8
310,2018-12-13,16,20,6
311,2018-08-21,17,10,6
312,2018-03-13,9,4,3
313,2019-07-24,15,6,10
314,2017-06-07,15,16,2
315,2019-07-03,2,19,6
316,2016-09-19,2,18,3
317,2019-09-18,17,13,8
318,2016-12-13,5,18,1
319,2019-12-03,14,2,9
320,2019-12-26,17,2,4
321,2017-09-13,1,15,1
322,2019-05-31,8,14,7
323,2018-08-31,20,6,9
324,2019-08-18,18,15,9
325,2017-08-21,18,6,6
326,2016-12-26,9,2,2
327,2018-05-23,6,19,9
328,2017-12-12,11,3,8
329,2019-02-16,5,18,10
330,2020-01-22,19,6,9
331,2017-05-27,5,5,10
332,2019-03-24,17,18,7
333,2019-06-02,1,17,10
334,2017-07-27,6,13,9
335,2019-11-01,6,7,5
336,2017-03-05,1,19,9
337,2018-09-07,6,3,6
338,2020-05-20,3,7,5
339,2018-05-25,19,10,2
340,2017-06-11,19,13,6
341,2020-01-29,19,14,3
342,2018-02-07,10,5,8
343,2019-08-05,15,20,7
344,2020-05-19,13,5,6
345,2017-06-25,6,19,6
346,2019-01-31,21,7,6
347,2020-02-23,7,16,2
348,2019-03-03,4,13,3
349,2018-08-29,10,13,6
350,2017-02-09,21,10,7
351,2017-10-21,8,11,3
352,2018-08-08,3,10,9
353,2020-04-30,21,7,5
354,2019-06-09,13,1,2
355,2020-06-21,4,12,1
356,2018-10-25,12,20,3
357,2018-01-27,20,11,1
358,2018-10-11,9,16,2
359,2017-06-18,14,5,4
360,2020-06-06,17,18,7
361,2020-02-14,18,12,6
362,2017-09-18,21,7,8
363,2017-12-02,21,6,8
364,2019-01-22,14,20,2
365,2018-12-19,19,8,2
366,2019-12-06,16,20,1
367,2017-06-12,13,14,4
368,2018-05-12,4,15,4
369,2018-06-09,13,2,8
370,2019-12-22,7,3,10
371,2018-07-22,4,3,9
372,2020-05-02,9,9,10
373,2018-02-15,1,8,2
374,2016-12-14,14,5,3
375,2020-07-30,14,12,2
376,2018-12-16,10,16,8
377,2019-11-19,14,13,7
378,2018-08-19,14,8,8
379,2017-09-27,1,4,4
380,2019-07-10,6,10,4
381,2016-09-12,10,5,7
382,2018-06-05,16,2,2
383,2020-03-08,19,11,5
384,2016-09-20,9,4,3
385,2017-02-18,21,16,10
386,2017-02-04,17,1,7
387,2017-01-17,15,4,8
388,2018-01-15,2,20,10
389,2019-11-03,8,4,1
390,2018-08-13,17,2,9
391,2018-03-21,21,8,4
392,2020-03-22,4,12,6
393,2018-06-01,13,18,2
394,2018-10-16,10,12,6
395,2017-10-25,21,12,5
396,2019-02-02,10,16,5
397,2019-06-08,4,1,7
398,2018-07-22,8,9,3
399,2019-10-20,11,6,3
400,2019-04-26,6,7,4
401,2018-03-17,11,16,8
402,2017-09-06,10,8,6
403,2020-06-13,17,16,6
404,2018-06-10,1,9,4
405,2017-06-05,21,19,4
406,2018-09-12,2,8,5
407,2019-09-06,14,20,5
408,2018-09-11,4,6,4
409,2019-11-21,15,2,6
410,2018-09-18,8,1,5
411,2017-02-05,13,5,7
412,2019-12-24,19,17,4
413,2019-02-11,8,2,10
414,2016-11-04,4,17,7
415,2020-08-09,4,2,8
416,2019-04-03,12,4,7
417,2019-11-15,18,6,7
418,2016-09-18,2,1,7
419,2019-12-15,19,4,5
420,2018-11-15,6,19,4
421,2016-10-05,7,1,6
422,2017-04-02,1,8,10
423,2017-02-05,6,16,9
424,2018-06-12,14,19,2
425,2019-04-16,11,4,3
426,2017-09-20,3,19,8
427,2017-10-13,6,1,8
428,2019-11-21,5,18,1
429,2018-02-02,5,11,3
430,2017-04-15,20,19,6
431,2018-01-12,14,9,6
432,2017-10-27,10,7,4
433,2019-10-04,20,16,1
434,2020-03-14,11,13,2
435,2018-10-28,21,18,6
436,2017-10-13,1,5,7
437,2019-12-16,8,1,7
438,2020-04-25,5,14,8
439,2016-10-04,16,11,3
440,2018-08-16,14,6,3
441,2019-10-23,9,1,10
442,2020-03-04,13,1,10
443,2018-08-18,10,11,1
444,2019-11-06,11,1,8
445,2017-08-24,7,7,1
446,2018-06-23,5,7,5
447,2019-09-16,8,8,2
448,2017-12-18,7,13,8
449,2018-12-26,3,16,2
450,2019-11-08,2,10,1
451,2019-05-19,1,14,7
452,2020-04-03,6,11,1
453,2019-04-13,9,16,8
454,2017-11-23,1,20,5
455,2018-06-24,13,3,6
456,2018-06-30,21,6,4
457,2017-05-16,14,16,10
458,2020-05-28,8,17,6
459,2020-05-20,16,8,8
460,2018-05-18,14,4,2
461,2018-02-03,13,18,9
462,2019-11-16,21,7,2
463,2017-03-28,5,5,5
464,2017-09-10,15,15,7
465,2020-01-31,19,12,7
466,2017-10-29,8,14,8
467,2016-11-15,17,20,9
468,2018-06-05,17,14,3
469,2017-10-20,16,9,7
470,2019-09-22,4,10,5
471,2018-06-18,19,5,1
472,2017-08-25,19,10,1
473,2018-11-26,16,6,6
474,2018-09-08,2,18,5
475,2019-02-23,13,15,2
476,2017-10-07,5,18,9
477,2018-03-17,20,1,2
478,2017-04-12,17,3,4
479,2018-03-30,6,20,10
480,2018-03-29,9,7,7
481,2019-09-02,10,10,5
482,2018-04-12,12,1,9
483,2019-05-23,3,10,9
484,2017-08-31,2,15,9
485,2018-09-11,7,15,6
486,2019-03-08,9,10,4
487,2018-01-03,11,14,6
488,2018-01-02,17,3,2
489,2017-11-15,20,15,2
490,2017-08-20,16,10,6
491,2018-05-17,17,9,4
492,2020-05-07,21,11,10
493,2018-04-04,15,3,3
494,2019-08-12,17,18,6
495,2019-03-02,7,11,1
496,2019-05-09,18,17,1
497,2019-08-05,17,19,1
498,2020-04-14,4,4,3
499,2018-07-11,21,2,5
500,2020-04-01,21,14,4
501,2017-11-15,11,15,6
502,2018-03-20,20,14,3
503,2017-09-05,7,7,10
504,2016-11-10,6,2,6
505,2019-10-23,15,8,5
506,2020-07-16,19,12,3
507,2016-09-25,8,4,9
508,2018-07-16,20,9,9
509,2018-11-28,15,2,5
510,2017-01-02,9,6,6
511,2019-01-24,16,10,10
512,2019-12-26,3,4,7
513,2017-11-23,20,7,10
514,2020-01-31,18,4,6
515,2019-08-07,20,17,8
516,2020-01-24,11,15,10
517,2017-11-07,11,15,8
518,2020-04-22,6,9,3
519,2017-10-31,7,12,6
520,2018-07-19,1,19,1
521,2020-03-01,6,2,3
522,2018-07-14,17,8,9
523,2020-06-10,15,19,8
524,2020-04-07,8,5,1
525,2019-01-11,9,19,9
526,2017-01-19,15,2,9
527,2020-04-29,9,12,3
528,2020-04-05,1,8,1
529,2016-08-31,18,18,6
530,2019-01-22,16,3,6
531,2017-06-27,19,14,3
532,2016-11-22,17,16,4
533,2018-11-11,11,3,5
534,2018-12-05,16,20,3
535,2018-05-08,5,3,10
536,2020-07-10,5,12,10
537,2019-01-22,4,12,10
538,2019-09-18,17,3,9
539,2019-03-27,8,7,7
540,2016-12-14,10,3,1
541,2017-06-01,9,20,2
542,2018-04-19,8,20,3
543,2017-01-02,18,12,10
544,2018-07-04,20,11,1
545,2018-06-01,19,17,4
546,2017-07-21,19,2,4
547,2017-02-14,20,20,3
548,2017-11-22,4,6,5
549,2020-08-02,4,11,10
550,2017-01-15,18,3,5
551,2019-09-12,6,16,2
552,2018-09-25,7,4,10
553,2019-08-25,8,3,1
554,2018-01-01,12,11,9
555,2017-02-10,20,5,7
556,2019-08-19,16,13,6
557,2016-11-16,11,19,2
558,2019-03-17,9,5,2
559,2018-02-23,14,2,4
560,2019-09-11,6,9,4
561,2020-02-08,20,3,8
562,2017-06-18,5,4,9
563,2016-11-17,2,8,10
564,2018-12-22,21,6,8
565,2019-02-13,8,13,2
566,2017-06-25,5,15,5
567,2019-10-29,19,13,4
568,2019-07-28,20,13,7
569,2018-06-07,5,16,1
570,2019-01-01,7,17,5
571,2019-11-24,17,4,1
572,2020-06-11,2,1,5
573,2017-05-17,8,10,2
574,2017-05-15,3,10,1
575,2019-01-20,12,10,7
576,2017-10-09,14,1,4
577,2018-07-04,16,9,9
578,2020-08-02,10,3,10
579,2016-09-07,10,10,2
580,2016-09-09,5,13,5
581,2018-10-14,9,1,10
582,2019-01-01,5,19,5
583,2018-03-25,10,7,5
584,2018-05-14,17,5,7
585,2017-04-01,8,19,6
586,2019-09-29,19,9,5
587,2020-08-02,21,6,7
588,2020-03-03,21,8,1
589,2017-03-12,21,19,2
590,2019-11-17,3,2,7
591,2017-08-15,5,2,8
592,2018-04-11,5,10,2
593,2016-10-01,3,20,7
594,2019-05-15,13,7,5
595,2020-02-27,8,6,10
596,2019-05-28,17,14,5
597,2018-08-20,21,2,3
598,2019-06-27,3,18,10
599,2018-10-31,9,13,1
600,2020-02-28,19,2,3
601,2017-04-11,2,20,1
602,2019-08-29,2,1,1
603,2019-07-19,17,16,3
604,2019-12-06,17,17,6
605,2018-03-02,5,10,9
606,2019-06-22,10,12,1
607,2020-04-12,8,19,3
608,2018-02-04,5,16,8
609,2019-02-14,14,5,3
610,2019-11-29,15,5,9
611,2016-10-31,6,20,5
612,2018-07-02,12,10,7
613,2017-06-02,4,13,1
614,2018-01-12,12,9,1
615,2018-06-28,16,5,10
616,2018-12-14,7,9,7
617,2017-09-19,6,17,10
618,2020-05-22,1,4,2
619,2017-09-14,20,7,1
620,2020-08-09,17,8,1
621,2020-05-27,2,16,4
622,2018-02-20,19,14,1
623,2019-10-02,8,2,10
624,2018-05-21,10,1,6
625,2018-08-17,10,1,1
626,2018-07-17,4,13,2
627,2018-08-22,5,8,8
628,2019-03-01,14,2,8
629,2018-04-30,20,8,7
630,2019-05-14,8,11,10
631,2016-09-14,1,1,7
632,2017-01-18,3,12,8
633,2020-06-07,13,15,6
634,2017-08-03,3,17,8
635,2019-01-21,10,18,9
636,2018-03-13,3,19,4
637,2017-05-24,10,13,4
638,2019-07-22,18,14,8
639,2017-12-02,20,5,6
640,2020-03-08,16,18,7
641,2019-05-05,12,13,8
642,2019-11-16,18,3,6
643,2018-12-04,18,4,7
644,2020-05-11,14,7,3
645,2016-11-20,6,5,5
646,2016-09-18,20,18,5
647,2020-04-04,10,12,9
648,2016-10-29,19,12,5
649,2019-05-28,10,9,10
650,2016-12-17,4,18,10
651,2019-02-01,3,12,1
652,2016-10-03,13,18,8
653,2020-08-09,12,13,4
654,2017-11-21,4,5,3
655,2017-07-12,6,4,5
656,2020-05-11,12,8,4
657,2018-11-09,19,5,5
658,2018-01-15,1,19,4
659,2018-07-25,10,13,9
660,2019-03-10,19,16,9
661,2018-12-30,4,8,9
662,2018-04-13,4,8,3
663,2020-05-12,20,16,8
664,2019-11-28,21,10,6
665,2017-09-30,11,8,3
666,2017-04-21,14,5,4
667,2019-06-17,17,8,2
668,2016-10-16,5,5,10
669,2016-12-31,6,3,7
670,2017-08-01,18,19,8
671,2019-04-07,13,18,1
672,2020-01-12,1,17,2
673,2019-02-14,6,3,4
674,2018-12-04,14,12,7
675,2018-09-16,11,9,9
676,2020-06-16,21,11,5
677,2018-10-01,20,10,7
678,2020-01-12,15,12,2
679,2018-09-20,7,14,1
680,2018-08-26,8,3,10
681,2017-01-24,15,1,4
682,2017-08-31,12,12,8
683,2017-01-26,21,10,3
684,2020-01-09,4,8,4
685,2017-03-10,5,20,7
686,2019-06-17,12,11,7
687,2017-08-19,4,14,5
688,2017-03-21,20,12,8
689,2017-12-23,18,15,7
690,2016-09-06,2,6,6
691,2020-08-04,1,2,3
692,2018-10-24,5,5,7
693,2018-03-27,6,6,7
694,2018-12-19,10,16,5
695,2018-08-08,13,11,9
696,2019-10-02,16,3,1
697,2019-11-29,8,19,10
698,2020-08-21,2,10,2
699,2018-10-09,17,11,7
700,2017-03-27,3,14,8
701,2017-09-01,18,18,1
702,2017-11-20,2,8,2
703,2017-10-31,12,4,2
704,2018-07-21,7,4,1
705,2018-06-04,13,1,9
706,2018-01-23,14,3,5
707,2020-05-04,15,14,1
708,2018-04-30,11,19,6
709,2017-02-25,17,17,2
710,2017-03-24,8,8,10
711,2020-05-27,2,18,9
712,2020-03-04,9,14,5
713,2017-08-29,3,7,7
714,2019-12-02,14,12,4
715,2020-06-04,18,6,1
716,2019-07-23,14,16,10
717,2018-08-05,14,12,8
718,2019-02-21,8,19,2
719,2016-10-20,6,5,7
720,2019-04-25,1,19,5
721,2020-06-15,19,8,3
722,2018-08-24,12,8,3
723,2018-02-16,13,3,2
724,2017-10-14,9,17,1
725,2020-02-27,4,16,1
726,2019-04-09,10,5,2
727,2019-12-21,14,5,9
728,2018-11-22,8,1,10
729,2016-11-28,10,7,5
730,2017-07-07,21,20,1
731,2019-09-17,19,13,3
732,2017-11-03,4,16,6
733,2019-02-25,7,11,3
734,2019-12-19,3,12,5
735,2019-11-17,8,16,6
736,2020-04-20,16,11,9
737,2017-10-10,9,13,7
738,2017-06-13,11,19,1
739,2019-06-01,19,7,4
740,2018-06-09,17,7,8
741,2019-10-20,14,18,5
742,2018-10-23,5,1,7
743,2017-09-05,16,13,6
744,2017-02-01,14,6,8
745,2016-11-04,15,5,1
746,2020-07-31,18,5,2
747,2017-11-27,21,16,3
748,2017-08-12,12,13,4
749,2019-11-07,10,11,1
750,2017-06-27,21,15,6
751,2018-12-27,11,9,9
752,2020-03-24,19,15,9
753,2018-06-13,5,13,5
754,2019-11-05,11,17,1
755,2018-12-20,11,7,9
756,2019-05-10,10,1,5
757,2020-07-09,16,5,10
758,2016-12-06,18,4,5
759,2018-10-30,21,17,1
760,2018-05-27,7,5,2
761,2018-01-18,6,3,4
762,2017-12-28,19,6,10
763,2016-11-05,7,15,7
764,2018-03-20,14,18,9
765,2019-11-28,18,12,2
766,2018-03-27,5,18,9
767,2020-05-17,10,17,7
768,2019-02-23,15,2,9
769,2018-08-13,1,17,4
770,2020-02-26,20,7,2
771,2019-10-17,5,15,7
772,2018-08-18,2,7,9
773,2020-01-14,18,20,10
774,2017-01-23,2,10,4
775,2018-06-26,8,3,6
776,2019-04-02,1,11,1
777,2019-08-23,11,6,7
778,2019-07-19,20,1,4
779,2019-11-21,19,19,3
780,2017-04-17,12,9,1
781,2019-07-05,18,20,1
782,2017-09-10,6,11,6
783,2017-08-10,21,10,5
784,2019-03-21,16,12,8
785,2017-08-02,1,8,3
786,2020-01-09,19,17,6
787,2018-06-28,1,20,1
788,2018-08-01,13,3,5
789,2017-09-17,12,8,8
790,2020-02-22,16,3,8
791,2019-06-18,3,6,7
792,2017-03-30,10,6,8
793,2018-07-12,10,9,3
794,2018-06-25,15,5,3
795,2018-06-01,21,6,6
796,2018-08-13,6,15,1
797,2019-06-04,13,3,10
798,2018-10-23,20,20,1
799,2019-09-30,12,13,10
800,2018-05-11,21,17,10
801,2018-02-25,8,20,6
802,2019-03-16,12,14,6
803,2020-01-03,5,15,8
804,2017-02-17,20,5,4
805,2018-04-17,4,7,6
806,2018-12-18,15,4,3
807,2017-03-16,16,16,9
808,2019-05-10,2,1,1
809,2019-04-20,14,3,9
810,2019-12-18,7,6,6
811,2018-08-12,5,20,9
812,2020-02-25,14,3,10
813,2018-05-12,1,20,1
814,2019-08-25,3,15,4
815,2018-08-14,18,11,3
816,2019-04-29,19,5,10
817,2019-11-26,15,17,6
818,2019-08-20,6,1,3
819,2018-10-13,18,2,9
820,2017-04-07,19,19,7
821,2016-11-08,12,12,2
822,2018-12-25,15,6,9
823,2018-07-11,15,3,10
824,2017-01-02,15,14,7
825,2016-10-11,16,10,8
826,2019-06-05,11,19,4
827,2016-09-12,14,16,1
828,2019-05-08,14,8,4
829,2020-03-24,19,11,2
830,2018-04-01,7,18,3
831,2019-01-18,10,4,3
832,2018-04-01,3,15,8
833,2019-09-09,6,18,5
834,2016-09-14,8,5,3
835,2017-03-09,20,17,1
836,2017-03-11,12,16,1
837,2019-07-02,11,16,3
838,2017-08-06,9,6,7
839,2018-01-28,11,19,9
840,2018-02-24,21,3,3
841,2018-03-21,1,12,4
842,2018-06-29,3,11,2
843,2020-06-25,15,1,4
844,2018-08-25,4,11,6
845,2017-11-09,12,19,6
846,2017-12-01,7,1,4
847,2017-12-02,3,19,2
848,2018-05-27,3,18,6
849,2019-08-12,6,5,4
850,2020-02-01,15,20,8
851,2019-05-15,14,7,5
852,2017-11-07,20,3,8
853,2020-08-08,10,1,4
854,2020-04-14,6,7,3
855,2017-01-25,15,2,1
856,2018-07-26,4,20,9
857,2018-06-30,13,6,1
858,2020-05-27,19,14,3
859,2018-04-01,5,14,5
860,2020-06-09,4,9,6
861,2018-04-17,6,20,8
862,2018-01-26,9,2,2
863,2017-10-19,12,4,8
864,2017-10-03,6,11,6
865,2019-09-11,7,20,6
866,2020-01-30,14,6,9
867,2018-11-15,3,2,4
868,2018-04-14,2,18,7
869,2017-11-13,3,1,10
870,2017-05-15,14,3,2
871,2020-05-13,4,4,5
872,2016-10-06,11,13,8
873,2017-05-23,5,13,3
874,2019-09-12,14,20,5
875,2018-02-02,6,15,5
876,2017-09-18,2,4,2
877,2018-06-01,2,17,7
878,2017-04-29,9,14,3
879,2018-11-10,6,5,8
880,2018-10-03,9,14,9
881,2018-08-31,13,9,5
882,2017-02-20,20,10,3
883,2018-06-12,14,8,2
884,2018-03-08,21,10,7
885,2020-02-04,21,20,2
886,2019-12-20,20,16,4
887,2019-10-30,3,14,4
888,2017-12-26,15,18,5
889,2019-02-28,10,6,10
890,2018-07-15,19,14,8
891,2017-09-14,14,19,7
892,2019-05-19,16,7,3
893,2020-06-06,8,12,2
894,2018-11-14,13,1,1
895,2017-04-25,10,8,1
896,2018-12-20,16,18,7
897,2019-10-23,3,16,7
898,2017-06-03,5,20,3
899,2017-07-03,2,6,5
900,2020-01-10,14,10,8
901,2017-04-15,5,1,6
902,2017-03-08,8,16,2
903,2019-12-11,3,13,9
904,2020-05-31,2,1,8
905,2020-04-06,6,6,6
906,2017-08-22,16,18,9
907,2018-11-10,3,11,2
908,2017-01-22,6,1,4
909,2019-04-05,10,19,1
910,2018-01-11,3,18,10
911,2019-08-03,15,12,8
912,2017-11-17,19,12,2
913,2019-02-01,14,8,1
914,2018-09-16,14,20,10
915,2020-07-14,17,4,5
916,2017-04-30,11,16,4
917,2017-10-07,11,14,1
918,2018-05-11,2,14,6
919,2019-12-13,17,18,9
920,2019-05-12,5,18,1
921,2017-11-20,6,11,5
922,2020-03-22,3,7,5
923,2018-03-08,5,4,6
924,2017-09-22,11,2,7
925,2019-02-27,10,5,1
926,2018-02-23,5,6,1
927,2018-07-24,13,6,10
928,2018-07-28,13,8,9
929,2020-01-09,2,12,9
930,2017-10-20,16,5,7
931,2019-04-10,10,3,7
932,2018-08-22,17,15,9
933,2020-07-12,18,5,6
934,2019-08-20,12,5,5
935,2017-11-07,15,12,6
936,2016-10-03,2,13,6
937,2017-06-23,3,17,3
938,2020-03-14,20,4,2
939,2017-07-27,7,11,10
940,2017-09-08,10,1,3
941,2018-03-29,7,4,1
942,2019-10-27,13,15,10
943,2019-05-30,11,6,8
944,2019-08-24,5,15,6
945,2019-09-20,16,16,4
946,2019-11-25,17,11,8
947,2018-07-31,10,13,4
948,2018-02-01,8,15,1
949,2017-06-27,17,3,8
950,2018-07-21,1,20,6
951,2019-02-09,14,20,6
952,2019-06-04,3,11,2
953,2020-05-13,6,8,9
954,2019-04-29,15,4,1
955,2019-07-31,14,10,3
956,2017-04-18,1,6,7
957,2018-07-20,9,15,2
958,2020-03-15,11,19,9
959,2017-01-26,7,13,9
960,2017-08-10,14,1,4
961,2020-04-16,13,6,10
962,2019-01-31,17,7,6
963,2017-04-12,4,14,8
964,2017-06-25,11,6,2
965,2017-11-25,5,15,9
966,2017-09-23,10,19,8
967,2017-05-10,16,4,9
968,2018-03-01,14,1,7
969,2018-11-12,20,14,9
970,2017-01-26,12,3,3
971,2018-03-28,4,18,6
972,2019-04-16,3,16,10
973,2020-05-24,6,10,4
974,2018-01-20,2,7,10
975,2017-12-23,5,5,10
976,2018-07-23,8,1,10
977,2018-10-15,8,15,3
978,2018-10-20,1,9,8
979,2020-07-10,3,9,8
980,2019-10-29,12,17,1
981,2018-02-26,18,1,7
982,2018-07-05,15,8,10
983,2020-03-19,10,6,7
984,2019-10-17,18,16,7
985,2019-06-12,21,14,6
986,2017-09-07,11,2,9
987,2017-08-30,10,15,8
988,2018-07-31,18,9,3
989,2019-09-03,5,8,10
990,2018-07-19,17,20,1
991,2019-06-06,3,2,10
992,2017-05-12,18,11,9
993,2016-12-24,17,8,5
994,2017-10-07,18,16,1
995,2017-10-31,18,8,7
996,2016-10-16,5,16,7
997,2019-04-08,12,13,3
998,2020-07-21,14,10,3
999,2019-10-06,13,2,4
1000,2017-09-24,4,9,2
1001,2019-10-03,12,15,7
1002,2018-07-28,18,5,7
1003,2017-04-11,13,13,3
1004,2016-11-16,5,10,6
1005,2017-02-16,11,10,2
1006,2020-08-24,11,10,6
1007,2018-06-14,1,6,3
1008,2017-04-07,12,14,1
1009,2019-01-29,13,9,8
1010,2019-03-22,1,4,10
1011,2019-02-09,3,5,4
1012,2019-10-30,9,11,10
1013,2018-11-12,3,9,6
1014,2019-03-13,13,5,4
1015,2019-02-24,11,3,8
1016,2018-05-13,4,15,8
1017,2020-01-06,7,17,7
1018,2019-12-04,8,12,6
1019,2019-02-19,1,16,1
1020,2017-03-26,19,12,7
1021,2018-09-06,11,1,2
1022,2019-03-02,3,5,7
1023,2017-08-28,8,9,5
1024,2019-12-11,13,13,8
1025,2017-10-29,2,6,4
1026,2019-01-01,17,18,10
1027,2019-01-19,5,11,5
1028,2017-03-08,17,12,1
1029,2017-10-13,1,1,1
1030,2020-05-08,14,17,6
1031,2019-07-20,15,2,10
1032,2018-11-02,15,9,6
1033,2020-02-15,17,7,4
1034,2017-06-21,15,7,10
1035,2019-11-10,8,3,8
1036,2019-09-27,9,3,1
1037,2020-03-20,20,13,2
1038,2016-12-28,20,16,7
1039,2018-03-08,11,1,7
1040,2017-11-23,18,11,9
1041,2017-10-14,4,13,5
1042,2017-06-24,15,16,8
1043,2018-06-26,17,1,1
1044,2017-12-17,21,5,5
1045,2018-01-25,12,12,7
1046,2016-12-05,16,4,4
1047,2016-09-26,2,7,8
1048,2019-06-07,11,3,2
1049,2016-10-27,9,15,2
1050,2019-03-20,5,13,3
1051,2020-06-12,17,1,2
1052,2017-03-19,10,15,4
1053,2018-07-19,20,14,9
1054,2016-12-22,8,3,5
1055,2018-05-21,1,20,4
1056,2018-07-04,2,6,2
1057,2018-07-07,8,13,7
1058,2019-09-22,3,11,5
1059,2019-01-21,18,15,6
1060,2019-07-18,11,4,8
1061,2020-01-17,3,11,3
1062,2018-10-02,6,20,8
1063,2018-04-11,9,11,6
1064,2017-02-26,2,14,10
1065,2018-12-26,10,16,9
1066,2017-10-21,11,16,7
1067,2020-07-22,17,10,7
1068,2019-06-27,12,15,8
1069,2017-11-22,21,15,9
1070,2019-09-02,20,11,9
1071,2018-07-20,3,11,4
1072,2016-10-21,3,1,2
1073,2018-10-14,6,11,9
1074,2019-11-03,16,13,4
1075,2017-03-21,7,14,2
1076,2016-10-28,21,3,2
1077,2019-07-19,16,17,6
1078,2016-10-04,4,8,10
1079,2017-04-30,4,7,8
1080,2018-08-02,14,11,4
1081,2017-08-05,8,7,4
1082,2017-05-15,8,18,10
1083,2019-06-07,2,12,8
1084,2018-01-07,2,9,6
1085,2020-08-07,21,17,4
1086,2017-12-19,16,1,1
1087,2017-02-26,17,3,10
1088,2016-11-22,16,16,4
1089,2017-05-15,4,4,3
1090,2019-03-28,20,1,9
1091,2016-10-30,6,4,4
1092,2019-04-30,2,3,1
1093,2016-10-13,14,9,1
1094,2020-02-11,13,20,3
1095,2019-12-07,18,18,10
1096,2020-03-29,2,2,6
1097,2018-06-07,6,5,2
1098,2019-04-28,9,12,8
1099,2019-05-03,6,6,2
1100,2018-09-16,19,6,1
